"type","language","license","rightsHolder","accessRights","datasetID","institutionCode","datasetName","basisOfRecord","occurrenceID","recordedBy","individualCount","occurrenceRemarks","samplingProtocol","samplingEffort","eventDate","continent","countryCode","municipality","verbatimLatitude","verbatimLongitude","verbatimCoordinateSystem","verbatimSRS","decimalLatitude","decimalLongitude","geodeticDatum","coordinateUncertaintyInMeters","identifiedBy","scientificName","kingdom","scientificNameAuthorship","nomenclaturalCode","status"
"Event","en","http://creativecommons.org/publicdomain/zero/1.0/","RATO","http://www.inbo.be/en/norms-for-data-use","insert doi","INBO","Mica Rato Muskrat Occurrences in East Flanders, Belgium","HumanObservation","MICA:RATO:3944","Rato",0,"Identified","Fish traps=4","times-visited=13","2018-2-20","Europe","BE","MALDEGEM ",217328.732987673,82434.6509346297,"Lambert coordinates","Belgian Datum 72",51.2618928635336,3.40079751314958,"WGS84","30","Rato","Ondatra zibethicus","Animal","Linnaeus, 1766","ICZN","absent"
"Event","en","http://creativecommons.org/publicdomain/zero/1.0/","RATO","http://www.inbo.be/en/norms-for-data-use","insert doi","INBO","Mica Rato Muskrat Occurrences in East Flanders, Belgium","HumanObservation","MICA:RATO:4602","Rato",0,"Identified","Fish traps=2","times-visited=13","2018-3-16","Europe","BE","MALDEGEM ",217880.197248322,81832.1324505807,"Lambert coordinates","Belgian Datum 72",51.2667782630237,3.39206280776632,"WGS84","30","Rato","Ondatra zibethicus","Animal","Linnaeus, 1766","ICZN","absent"
"Event","en","http://creativecommons.org/publicdomain/zero/1.0/","RATO","http://www.inbo.be/en/norms-for-data-use","insert doi","INBO","Mica Rato Muskrat Occurrences in East Flanders, Belgium","HumanObservation","MICA:RATO:6310","Rato",0,"Identified","Bait trap=4","times-visited=3","2018-5-7","Europe","BE","WORTEGEM-PETEGEM ",168401.154000086,93526.4286431663,"Lambert coordinates","Belgian Datum 72",50.8233031745847,3.56724760627858,"WGS84","30","Rato","Ondatra zibethicus","Animal","Linnaeus, 1766","ICZN","absent"
"Event","en","http://creativecommons.org/publicdomain/zero/1.0/","RATO","http://www.inbo.be/en/norms-for-data-use","insert doi","INBO","Mica Rato Muskrat Occurrences in East Flanders, Belgium","HumanObservation","MICA:RATO:6461","Rato",0,"Identified","Fish traps=1","times-visited=3","2018-5-14","Europe","BE","WORTEGEM-PETEGEM ",167784.81279626,90890.711541256,"Lambert coordinates","Belgian Datum 72",50.8175013647161,3.52994189889634,"WGS84","30","Rato","Ondatra zibethicus","Animal","Linnaeus, 1766","ICZN","absent"
"Event","en","http://creativecommons.org/publicdomain/zero/1.0/","RATO","http://www.inbo.be/en/norms-for-data-use","insert doi","INBO","Mica Rato Muskrat Occurrences in East Flanders, Belgium","HumanObservation","MICA:RATO:6462","Rato",0,"No catch","Fish traps=1","times-visited=3","2018-5-14","Europe","BE","WORTEGEM-PETEGEM ",167176.937482626,90232.0572407856,"Lambert coordinates","Belgian Datum 72",50.8119699611219,3.52069429932627,"WGS84","30","Rato","Ondatra zibethicus","Animal","Linnaeus, 1766","ICZN","absent"
"Event","en","http://creativecommons.org/publicdomain/zero/1.0/","RATO","http://www.inbo.be/en/norms-for-data-use","insert doi","INBO","Mica Rato Muskrat Occurrences in East Flanders, Belgium","HumanObservation","MICA:RATO:6620","Rato",2,"Catch","Fish traps=6","times-visited=5","2018-5-17","Europe","BE","WORTEGEM-PETEGEM ",168829.833450763,93874.885826361,"Lambert coordinates","Belgian Datum 72",50.8271902767499,3.57212750552649,"WGS84","30","Rato","Ondatra zibethicus","Animal","Linnaeus, 1766","ICZN","present"
"Event","en","http://creativecommons.org/publicdomain/zero/1.0/","RATO","http://www.inbo.be/en/norms-for-data-use","insert doi","INBO","Mica Rato Muskrat Occurrences in East Flanders, Belgium","HumanObservation","MICA:RATO:10499","Rato",1,"Traces","","times-visited=2","2018-10-10","Europe","BE","DENDERLEEUW ",177358.824143499,128436.488193611,"Lambert coordinates","Belgian Datum 72",50.9061649052285,4.062176503063,"WGS84","30","Rato","Ondatra zibethicus","Animal","Linnaeus, 1766","ICZN","present"
"Event","en","http://creativecommons.org/publicdomain/zero/1.0/","RATO","http://www.inbo.be/en/norms-for-data-use","insert doi","INBO","Mica Rato Muskrat Occurrences in East Flanders, Belgium","HumanObservation","MICA:RATO:10501","Rato",1,"Traces","","times-visited=2","2018-10-10","Europe","BE","DENDERLEEUW ",177307.444899382,128427.37877037,"Lambert coordinates","Belgian Datum 72",50.9057027050712,4.06205000327269,"WGS84","30","Rato","Ondatra zibethicus","Animal","Linnaeus, 1766","ICZN","present"
"Event","en","http://creativecommons.org/publicdomain/zero/1.0/","RATO","http://www.inbo.be/en/norms-for-data-use","insert doi","INBO","Mica Rato Muskrat Occurrences in East Flanders, Belgium","HumanObservation","MICA:RATO:10755","Rato",,"","Bait trap=2","times-visited=6","2018-10-17","Europe","BE","NINOVE ",167023.356092591,122569.354586861,"Lambert coordinates","Belgian Datum 72",50.8130087614151,3.97953162904456,"WGS84","30","Rato","Ondatra zibethicus","Animal","Linnaeus, 1766","ICZN",
"Event","en","http://creativecommons.org/publicdomain/zero/1.0/","RATO","http://www.inbo.be/en/norms-for-data-use","insert doi","INBO","Mica Rato Muskrat Occurrences in East Flanders, Belgium","HumanObservation","MICA:RATO:12271","Rato",3,"Catch","Fish traps=1","times-visited=5","2019-1-21","Europe","BE","WORTEGEM-PETEGEM ",169020.901191309,94050.3697791655,"Lambert coordinates","Belgian Datum 72",50.8289246777788,3.574589105272,"WGS84","30","Rato","Ondatra zibethicus","Animal","Linnaeus, 1766","ICZN","present"
"Event","en","http://creativecommons.org/publicdomain/zero/1.0/","RATO","http://www.inbo.be/en/norms-for-data-use","insert doi","INBO","Mica Rato Muskrat Occurrences in East Flanders, Belgium","HumanObservation","MICA:RATO:13254","Rato",64,"Catch","Other=1",,"2019-3-11","Europe","BE","RONSE ",161465.578458188,93580.5345802292,"Lambert coordinates","Belgian Datum 72",50.7609636575988,3.56907464102256,"WGS84","30","Rato","Ondatra zibethicus","Animal","Linnaeus, 1766","ICZN","present"
"Event","en","http://creativecommons.org/publicdomain/zero/1.0/","RATO","http://www.inbo.be/en/norms-for-data-use","insert doi","INBO","Mica Rato Muskrat Occurrences in East Flanders, Belgium","HumanObservation","MICA:RATO:14804","Rato",0,"No catch","Fish traps=2",,"2019-5-15","Europe","BE","ZOTTEGEM ",174569.323383459,109513.409352044,"Lambert coordinates","Belgian Datum 72",50.8800807400569,3.79345533978132,"WGS84","30","Rato","Ondatra zibethicus","Animal","Linnaeus, 1766","ICZN","absent"
"Event","en","http://creativecommons.org/publicdomain/zero/1.0/","RATO","http://www.inbo.be/en/norms-for-data-use","insert doi","INBO","Mica Rato Muskrat Occurrences in East Flanders, Belgium","HumanObservation","MICA:RATO:17379","Rato",,"","Fish traps=2","times-visited=1","2019-9-24","Europe","BE","OUDENAARDE ",167646.477379037,92796.96780407,"Lambert coordinates","Belgian Datum 72",50.8164481704065,3.55701250714616,"WGS84","30","Rato","Ondatra zibethicus","Animal","Linnaeus, 1766","ICZN",
"Event","en","http://creativecommons.org/publicdomain/zero/1.0/","RATO","http://www.inbo.be/en/norms-for-data-use","insert doi","INBO","Mica Rato Muskrat Occurrences in East Flanders, Belgium","HumanObservation","MICA:RATO:17382","Rato",,"","Bait trap=2","times-visited=10","2019-9-30","Europe","BE","ROOSDAAL ",169659.787620793,127066.044993665,"Lambert coordinates","Belgian Datum 72",50.8369030817116,4.04317163447271,"WGS84","30","Rato","Ondatra zibethicus","Animal","Linnaeus, 1766","ICZN",
"Event","en","http://creativecommons.org/publicdomain/zero/1.0/","RATO","http://www.inbo.be/en/norms-for-data-use","insert doi","INBO","Mica Rato Muskrat Occurrences in East Flanders, Belgium","HumanObservation","MICA:RATO:17381","Rato",,"","Bait trap=4","times-visited=10","2019-9-30","Europe","BE","ROOSDAAL ",169667.110518751,126991.705333648,"Lambert coordinates","Belgian Datum 72",50.8369659815038,4.04211583413733,"WGS84","30","Rato","Ondatra zibethicus","Animal","Linnaeus, 1766","ICZN",
"Event","en","http://creativecommons.org/publicdomain/zero/1.0/","RATO","http://www.inbo.be/en/norms-for-data-use","insert doi","INBO","Mica Rato Muskrat Occurrences in East Flanders, Belgium","HumanObservation","MICA:RATO:17360","Rato",0,"Identified","Fish traps=4","times-visited=3","2019-10-7","Europe","BE","WORTEGEM-PETEGEM ",168087.396700452,92002.6455568247,"Lambert coordinates","Belgian Datum 72",50.8203330689876,3.54567230179449,"WGS84","30","Rato","Ondatra zibethicus","Animal","Linnaeus, 1766","ICZN","absent"
"Event","en","http://creativecommons.org/publicdomain/zero/1.0/","RATO","http://www.inbo.be/en/norms-for-data-use","insert doi","INBO","Mica Rato Muskrat Occurrences in East Flanders, Belgium","HumanObservation","MICA:RATO:17856","Rato",0,"Identified","Bait trap=2","times-visited=1","2019-11-4","Europe","BE","WORTEGEM-PETEGEM ",168819.806079214,93875.2645032224,"Lambert coordinates","Belgian Datum 72",50.8271001767262,3.57213440557797,"WGS84","30","Rato","Ondatra zibethicus","Animal","Linnaeus, 1766","ICZN","absent"
"Event","en","http://creativecommons.org/publicdomain/zero/1.0/","RATO","http://www.inbo.be/en/norms-for-data-use","insert doi","INBO","Mica Rato Muskrat Occurrences in East Flanders, Belgium","HumanObservation","MICA:RATO:18118","Rato",1,"Identified","Bait trap=1","times-visited=2","2019-11-26","Europe","BE","NINOVE ",167853.911189321,123590.729550158,"Lambert coordinates","Belgian Datum 72",50.8205221666074,3.99396452914787,"WGS84","30","Rato","Ondatra zibethicus","Animal","Linnaeus, 1766","ICZN","present"
"Event","en","http://creativecommons.org/publicdomain/zero/1.0/","RATO","http://www.inbo.be/en/norms-for-data-use","insert doi","INBO","Mica Rato Muskrat Occurrences in East Flanders, Belgium","HumanObservation","MICA:RATO:18755","Rato",1,"Catch","","times-visited=4","2020-1-9","Europe","BE","MALDEGEM ",216456.578724027,82239.993615983,"Lambert coordinates","Belgian Datum 72",51.2540315606384,3.39817231680927,"WGS84","30","Rato","Ondatra zibethicus","Animal","Linnaeus, 1766","ICZN","present"
"Event","en","http://creativecommons.org/publicdomain/zero/1.0/","RATO","http://www.inbo.be/en/norms-for-data-use","insert doi","INBO","Mica Rato Muskrat Occurrences in East Flanders, Belgium","HumanObservation","MICA:RATO:18752","Rato",1,"Catch","","times-visited=4","2020-1-9","Europe","BE","MALDEGEM ",217825.110448245,81723.7857024133,"Lambert coordinates","Belgian Datum 72",51.2662703625305,3.39052100759146,"WGS84","30","Rato","Ondatra zibethicus","Animal","Linnaeus, 1766","ICZN","present"
"Event","en","http://creativecommons.org/publicdomain/zero/1.0/","RATO","http://www.inbo.be/en/norms-for-data-use","insert doi","INBO","Mica Rato Muskrat Occurrences in East Flanders, Belgium","HumanObservation","MICA:RATO:18775","Rato",2,"Catch","","times-visited=2","2020-1-13","Europe","BE","MALDEGEM ",215558.902287076,84164.394239398,"Lambert coordinates","Belgian Datum 72",51.2461863645077,3.42589732954053,"WGS84","30","Rato","Ondatra zibethicus","Animal","Linnaeus, 1766","ICZN","present"
"Event","en","http://creativecommons.org/publicdomain/zero/1.0/","RATO","http://www.inbo.be/en/norms-for-data-use","insert doi","INBO","Mica Rato Muskrat Occurrences in East Flanders, Belgium","HumanObservation","MICA:RATO:18916","Rato",,"","Fish traps=1","times-visited=6","2020-1-21","Europe","BE","ASSENEDE ",217633.195037461,102913.218443918,"Lambert coordinates","Belgian Datum 72",51.2666635296386,3.69412009859423,"WGS84","30","Rato","Ondatra zibethicus","Animal","Linnaeus, 1766","ICZN",
"Event","en","http://creativecommons.org/publicdomain/zero/1.0/","RATO","http://www.inbo.be/en/norms-for-data-use","insert doi","INBO","Mica Rato Muskrat Occurrences in East Flanders, Belgium","HumanObservation","MICA:RATO:19291","Rato",15,"Catch","Conibear trap=4, Fish traps=2","times-visited=9","2020-1-23","Europe","BE","KLUISBERGEN ",162364.108288329,86269.9130435318,"Lambert coordinates","Belgian Datum 72",50.7682875366477,3.46531040780755,"WGS84","30","Rato","Ondatra zibethicus","Animal","Linnaeus, 1766","ICZN","present"
"Event","en","http://creativecommons.org/publicdomain/zero/1.0/","RATO","http://www.inbo.be/en/norms-for-data-use","insert doi","INBO","Mica Rato Muskrat Occurrences in East Flanders, Belgium","HumanObservation","MICA:RATO:18944","Rato",2,"Catch","","times-visited=4","2020-1-23","Europe","BE","",216362.966348868,84117.2943629861,"Lambert coordinates","Belgian Datum 72",51.2534075664453,3.42507662521917,"WGS84","30","Rato","Ondatra zibethicus","Animal","Linnaeus, 1766","ICZN","present"
"Event","en","http://creativecommons.org/publicdomain/zero/1.0/","RATO","http://www.inbo.be/en/norms-for-data-use","insert doi","INBO","Mica Rato Muskrat Occurrences in East Flanders, Belgium","HumanObservation","MICA:RATO:19015","Rato",1,"Catch","Fish traps=5","times-visited=14","2020-1-27","Europe","BE","MALDEGEM ",215540.565615882,83988.4053759511,"Lambert coordinates","Belgian Datum 72",51.2460014638936,3.42338052889175,"WGS84","30","Rato","Ondatra zibethicus","Animal","Linnaeus, 1766","ICZN","present"
"Event","en","http://creativecommons.org/publicdomain/zero/1.0/","RATO","http://www.inbo.be/en/norms-for-data-use","insert doi","INBO","Mica Rato Muskrat Occurrences in East Flanders, Belgium","HumanObservation","MICA:RATO:19105","Rato",1,"Traces","","times-visited=2","2020-1-29","Europe","BE","LIERDE ",165234.230452942,112373.937393923,"Lambert coordinates","Belgian Datum 72",50.7963567256246,3.83505299691233,"WGS84","30","Rato","Ondatra zibethicus","Animal","Linnaeus, 1766","ICZN","present"
"Event","en","http://creativecommons.org/publicdomain/zero/1.0/","RATO","http://www.inbo.be/en/norms-for-data-use","insert doi","INBO","Mica Rato Muskrat Occurrences in East Flanders, Belgium","HumanObservation","MICA:RATO:19207","Rato",1,"Catch","","times-visited=7","2020-2-3","Europe","BE","MALDEGEM ",216606.718269894,82539.7975415568,"Lambert coordinates","Belgian Datum 72",51.2554160619956,3.40243821730391,"WGS84","30","Rato","Ondatra zibethicus","Animal","Linnaeus, 1766","ICZN","present"
"Event","en","http://creativecommons.org/publicdomain/zero/1.0/","RATO","http://www.inbo.be/en/norms-for-data-use","insert doi","INBO","Mica Rato Muskrat Occurrences in East Flanders, Belgium","HumanObservation","MICA:RATO:19174","Rato",1,"Catch","","times-visited=5","2020-2-3","Europe","BE","MALDEGEM ",216108.442577683,84127.3286379136,"Lambert coordinates","Belgian Datum 72",51.2511211658161,3.42526662656667,"WGS84","30","Rato","Ondatra zibethicus","Animal","Linnaeus, 1766","ICZN","present"
"Event","en","http://creativecommons.org/publicdomain/zero/1.0/","RATO","http://www.inbo.be/en/norms-for-data-use","insert doi","INBO","Mica Rato Muskrat Occurrences in East Flanders, Belgium","HumanObservation","MICA:RATO:19208","Rato",5,"Catch","","times-visited=5","2020-2-4","Europe","BE","",216395.609756961,84106.9215025513,"Lambert coordinates","Belgian Datum 72",51.2536997664967,3.42492212500794,"WGS84","30","Rato","Ondatra zibethicus","Animal","Linnaeus, 1766","ICZN","present"
"Event","en","http://creativecommons.org/publicdomain/zero/1.0/","RATO","http://www.inbo.be/en/norms-for-data-use","insert doi","INBO","Mica Rato Muskrat Occurrences in East Flanders, Belgium","HumanObservation","MICA:RATO:19268","Rato",6,"Catch","","times-visited=12","2020-2-6","Europe","BE","",217574.134929001,82171.7458226919,"Lambert coordinates","Belgian Datum 72",51.2640675633237,3.39698551077654,"WGS84","30","Rato","Ondatra zibethicus","Animal","Linnaeus, 1766","ICZN","present"
"Event","en","http://creativecommons.org/publicdomain/zero/1.0/","RATO","http://www.inbo.be/en/norms-for-data-use","insert doi","INBO","Mica Rato Muskrat Occurrences in East Flanders, Belgium","HumanObservation","MICA:RATO:19249","Rato",0,"Identified","Fish traps=3","times-visited=1","2020-2-7","Europe","BE","OUDENAARDE ",167632.726070886,92794.0267611374,"Lambert coordinates","Belgian Datum 72",50.8163242703631,3.55697290720308,"WGS84","30","Rato","Ondatra zibethicus","Animal","Linnaeus, 1766","ICZN","absent"
"Event","en","http://creativecommons.org/publicdomain/zero/1.0/","RATO","http://www.inbo.be/en/norms-for-data-use","insert doi","INBO","Mica Rato Muskrat Occurrences in East Flanders, Belgium","HumanObservation","MICA:RATO:19313","Rato",,"","","times-visited=11","2020-2-10","Europe","BE","MALDEGEM ",217553.926975156,81697.9957760411,"Lambert coordinates","Belgian Datum 72",51.2638300617418,3.39020270887744,"WGS84","30","Rato","Ondatra zibethicus","Animal","Linnaeus, 1766","ICZN",
"Event","en","http://creativecommons.org/publicdomain/zero/1.0/","RATO","http://www.inbo.be/en/norms-for-data-use","insert doi","INBO","Mica Rato Muskrat Occurrences in East Flanders, Belgium","HumanObservation","MICA:RATO:19690","Rato",,"","Fish traps=2","times-visited=2","2020-3-9","Europe","BE","OUDENAARDE ",169839.82315628,94458.6383058977,"Lambert coordinates","Belgian Datum 72",50.8363250811034,3.58026040281597,"WGS84","30","Rato","Ondatra zibethicus","Animal","Linnaeus, 1766","ICZN",
"Event","en","http://creativecommons.org/publicdomain/zero/1.0/","RATO","http://www.inbo.be/en/norms-for-data-use","insert doi","INBO","Mica Rato Muskrat Occurrences in East Flanders, Belgium","HumanObservation","MICA:RATO:19689","Rato",2,"Catch","","times-visited=1","2020-3-9","Europe","BE","OUDENAARDE ",169850.29060396,94440.8985554998,"Lambert coordinates","Belgian Datum 72",50.8364174810734,3.58000700269317,"WGS84","30","Rato","Ondatra zibethicus","Animal","Linnaeus, 1766","ICZN","present"
"Event","en","http://creativecommons.org/publicdomain/zero/1.0/","RATO","http://www.inbo.be/en/norms-for-data-use","insert doi","INBO","Mica Rato Muskrat Occurrences in East Flanders, Belgium","HumanObservation","MICA:RATO:19715","Rato",0,"Identified","","times-visited=4","2020-3-10","Europe","BE","DAMME ",216348.164969308,81911.7358909162,"Lambert coordinates","Belgian Datum 72",51.2530185592975,3.3934913159807,"WGS84","30","Rato","Ondatra zibethicus","Animal","Linnaeus, 1766","ICZN","absent"
"Event","en","http://creativecommons.org/publicdomain/zero/1.0/","RATO","http://www.inbo.be/en/norms-for-data-use","insert doi","INBO","Mica Rato Muskrat Occurrences in East Flanders, Belgium","HumanObservation","MICA:RATO:19950","Rato",0,"Identified","Fish traps=1","times-visited=2","2020-4-2","Europe","BE","MALDEGEM ",216554.503155269,83013.5802010177,"Lambert coordinates","Belgian Datum 72",51.2550019633876,3.40923371957334,"WGS84","30","Rato","Ondatra zibethicus","Animal","Linnaeus, 1766","ICZN","absent"
"Event","en","http://creativecommons.org/publicdomain/zero/1.0/","RATO","http://www.inbo.be/en/norms-for-data-use","insert doi","INBO","Mica Rato Muskrat Occurrences in East Flanders, Belgium","HumanObservation","MICA:RATO:19951","Rato",0,"Identified","Fish traps=3","times-visited=2","2020-4-2","Europe","BE","MALDEGEM ",216448.975024162,83037.1575992466,"Lambert coordinates","Belgian Datum 72",51.2540562631893,3.40959092021476,"WGS84","30","Rato","Ondatra zibethicus","Animal","Linnaeus, 1766","ICZN","absent"
"Event","en","http://creativecommons.org/publicdomain/zero/1.0/","RATO","http://www.inbo.be/en/norms-for-data-use","insert doi","INBO","Mica Rato Muskrat Occurrences in East Flanders, Belgium","HumanObservation","MICA:RATO:19988","Rato",1,"Catch","Conibear trap=3","times-visited=5","2020-4-7","Europe","BE","KAPRIJKE ",213618.774669157,100231.728535914,"Lambert coordinates","Belgian Datum 72",51.2303574107096,3.65625460736595,"WGS84","30","Rato","Ondatra zibethicus","Animal","Linnaeus, 1766","ICZN","present"
"Event","en","http://creativecommons.org/publicdomain/zero/1.0/","RATO","http://www.inbo.be/en/norms-for-data-use","insert doi","INBO","Mica Rato Muskrat Occurrences in East Flanders, Belgium","HumanObservation","MICA:RATO:20585","Rato",0,"Identified","Fish traps=1","times-visited=2","2020-5-11","Europe","BE","MALDEGEM ",215561.47600975,84167.6252444441,"Lambert coordinates","Belgian Datum 72",51.2462098645248,3.42594312954097,"WGS84","30","Rato","Ondatra zibethicus","Animal","Linnaeus, 1766","ICZN","absent"
"Event","en","http://creativecommons.org/publicdomain/zero/1.0/","RATO","http://www.inbo.be/en/norms-for-data-use","insert doi","INBO","Mica Rato Muskrat Occurrences in East Flanders, Belgium","HumanObservation","MICA:RATO:20586","Rato",0,"Identified","Fish traps=3","times-visited=4","2020-5-11","Europe","BE","MALDEGEM ",215589.348486677,84225.4720067194,"Lambert coordinates","Belgian Datum 72",51.2464669647834,3.42676642964227,"WGS84","30","Rato","Ondatra zibethicus","Animal","Linnaeus, 1766","ICZN","absent"
"Event","en","http://creativecommons.org/publicdomain/zero/1.0/","RATO","http://www.inbo.be/en/norms-for-data-use","insert doi","INBO","Mica Rato Muskrat Occurrences in East Flanders, Belgium","HumanObservation","MICA:RATO:20587","Rato",0,"Identified","Fish traps=2","times-visited=3","2020-5-11","Europe","BE","MALDEGEM ",216864.940895091,83619.7279456906,"Lambert coordinates","Belgian Datum 72",51.2578620661479,3.41785842054126,"WGS84","30","Rato","Ondatra zibethicus","Animal","Linnaeus, 1766","ICZN","absent"
"Event","en","http://creativecommons.org/publicdomain/zero/1.0/","RATO","http://www.inbo.be/en/norms-for-data-use","insert doi","INBO","Mica Rato Muskrat Occurrences in East Flanders, Belgium","HumanObservation","MICA:RATO:20768","Rato",0,"Identified","Conibear trap=2",,"2020-5-18","Europe","BE","OUDENAARDE ",167955.530460932,94506.9878804178,"Lambert coordinates","Belgian Datum 72",50.8193916765748,3.58123021239341,"WGS84","30","Rato","Ondatra zibethicus","Animal","Linnaeus, 1766","ICZN","absent"
"Event","en","http://creativecommons.org/publicdomain/zero/1.0/","RATO","http://www.inbo.be/en/norms-for-data-use","insert doi","INBO","Mica Rato Muskrat Occurrences in East Flanders, Belgium","HumanObservation","MICA:RATO:20922","Rato",0,"Identified","Conibear trap=6",,"2020-5-20","Europe","BE","OUDENAARDE ",167914.247105755,94455.5644339043,"Lambert coordinates","Belgian Datum 72",50.81901567631,3.58050671239474,"WGS84","30","Rato","Ondatra zibethicus","Animal","Linnaeus, 1766","ICZN","absent"
"Event","en","http://creativecommons.org/publicdomain/zero/1.0/","RATO","http://www.inbo.be/en/norms-for-data-use","insert doi","INBO","Mica Rato Muskrat Occurrences in East Flanders, Belgium","HumanObservation","MICA:RATO:20921","Rato",0,"Identified","Conibear trap=2",,"2020-5-20","Europe","BE","OUDENAARDE ",167915.382959427,94455.4566807607,"Lambert coordinates","Belgian Datum 72",50.8190258763125,3.58050501238866,"WGS84","30","Rato","Ondatra zibethicus","Animal","Linnaeus, 1766","ICZN","absent"
"Event","en","http://creativecommons.org/publicdomain/zero/1.0/","RATO","http://www.inbo.be/en/norms-for-data-use","insert doi","INBO","Mica Rato Muskrat Occurrences in East Flanders, Belgium","HumanObservation","MICA:RATO:20920","Rato",,"","Conibear trap=3",,"2020-5-20","Europe","BE","OUDENAARDE ",167922.216170358,94437.3757891516,"Lambert coordinates","Belgian Datum 72",50.8190855762724,3.58024741228283,"WGS84","30","Rato","Ondatra zibethicus","Animal","Linnaeus, 1766","ICZN",
"Event","en","http://creativecommons.org/publicdomain/zero/1.0/","RATO","http://www.inbo.be/en/norms-for-data-use","insert doi","INBO","Mica Rato Muskrat Occurrences in East Flanders, Belgium","HumanObservation","MICA:RATO:20944","Rato",,"","Conibear trap=1",,"2020-5-20","Europe","BE","OUDENAARDE ",168000.173168958,94614.2020008022,"Lambert coordinates","Belgian Datum 72",50.8198031770239,3.58274491259699,"WGS84","30","Rato","Ondatra zibethicus","Animal","Linnaeus, 1766","ICZN",
"Event","en","http://creativecommons.org/publicdomain/zero/1.0/","RATO","http://www.inbo.be/en/norms-for-data-use","insert doi","INBO","Mica Rato Muskrat Occurrences in East Flanders, Belgium","HumanObservation","MICA:RATO:20946","Rato",0,"Identified","Conibear trap=2",,"2020-5-20","Europe","BE","OUDENAARDE ",167995.839847346,94606.3410311247,"Lambert coordinates","Belgian Datum 72",50.8197634769883,3.58263401258734,"WGS84","30","Rato","Ondatra zibethicus","Animal","Linnaeus, 1766","ICZN","absent"
"Event","en","http://creativecommons.org/publicdomain/zero/1.0/","RATO","http://www.inbo.be/en/norms-for-data-use","insert doi","INBO","Mica Rato Muskrat Occurrences in East Flanders, Belgium","HumanObservation","MICA:RATO:20945","Rato",,"","Conibear trap=1",,"2020-5-20","Europe","BE","OUDENAARDE ",167963.591316641,94532.6118431592,"Lambert coordinates","Belgian Datum 72",50.8194665766756,3.58159261245505,"WGS84","30","Rato","Ondatra zibethicus","Animal","Linnaeus, 1766","ICZN",
"Event","en","http://creativecommons.org/publicdomain/zero/1.0/","RATO","http://www.inbo.be/en/norms-for-data-use","insert doi","INBO","Mica Rato Muskrat Occurrences in East Flanders, Belgium","HumanObservation","MICA:RATO:21015","Rato",11,"Catch","Fish traps=3","times-visited=3","2020-5-26","Europe","BE","BRAKEL ",161697.544557442,109401.408289899,"Lambert coordinates","Belgian Datum 72",50.7643646076551,3.79327980235139,"WGS84","30","Rato","Ondatra zibethicus","Animal","Linnaeus, 1766","ICZN","present"
"Event","en","http://creativecommons.org/publicdomain/zero/1.0/","RATO","http://www.inbo.be/en/norms-for-data-use","insert doi","INBO","Mica Rato Muskrat Occurrences in East Flanders, Belgium","HumanObservation","MICA:RATO:21053","Rato",6,"Catch","Conibear trap=4","times-visited=6","2020-5-27","Europe","BE","LIERDE ",164747.634744919,114012.243145112,"Lambert coordinates","Belgian Datum 72",50.7920859294751,3.85833780581609,"WGS84","30","Rato","Ondatra zibethicus","Animal","Linnaeus, 1766","ICZN","present"
"Event","en","http://creativecommons.org/publicdomain/zero/1.0/","RATO","http://www.inbo.be/en/norms-for-data-use","insert doi","INBO","Mica Rato Muskrat Occurrences in East Flanders, Belgium","HumanObservation","MICA:RATO:21172","Rato",5,"Identified","Fish traps=3","times-visited=3","2020-6-8","Europe","BE","LIERDE ",164705.090533666,113962.826841387,"Lambert coordinates","Belgian Datum 72",50.791700429217,3.85764110582596,"WGS84","30","Rato","Ondatra zibethicus","Animal","Linnaeus, 1766","ICZN","present"
"Event","en","http://creativecommons.org/publicdomain/zero/1.0/","RATO","http://www.inbo.be/en/norms-for-data-use","insert doi","INBO","Mica Rato Muskrat Occurrences in East Flanders, Belgium","HumanObservation","MICA:RATO:21173","Rato",1,"Identified","Fish traps=2","times-visited=3","2020-6-8","Europe","BE","LIERDE ",164755.587503483,114031.842891412,"Lambert coordinates","Belgian Datum 72",50.7921586295554,3.85861500585558,"WGS84","30","Rato","Ondatra zibethicus","Animal","Linnaeus, 1766","ICZN","present"
"Event","en","http://creativecommons.org/publicdomain/zero/1.0/","RATO","http://www.inbo.be/en/norms-for-data-use","insert doi","INBO","Mica Rato Muskrat Occurrences in East Flanders, Belgium","HumanObservation","MICA:RATO:21231","Rato",1,"Catch","Bait trap=2, , Fish traps=2","times-visited=5","2020-6-15","Europe","BE","",216566.895361026,84026.0680672733,"Lambert coordinates","Belgian Datum 72",51.2552299666816,3.42373292378783,"WGS84","30","Rato","Ondatra zibethicus","Animal","Linnaeus, 1766","ICZN","present"
"Event","en","http://creativecommons.org/publicdomain/zero/1.0/","RATO","http://www.inbo.be/en/norms-for-data-use","insert doi","INBO","Mica Rato Muskrat Occurrences in East Flanders, Belgium","HumanObservation","MICA:RATO:21233","Rato",0,"Identified","","times-visited=1","2020-6-15","Europe","BE","",157833.445885905,92513.5816035161,"Lambert coordinates","Belgian Datum 72",50.7282094452959,3.55451715489567,"WGS84","30","Rato","Ondatra zibethicus","Animal","Linnaeus, 1766","ICZN","absent"
"Event","en","http://creativecommons.org/publicdomain/zero/1.0/","RATO","http://www.inbo.be/en/norms-for-data-use","insert doi","INBO","Mica Rato Muskrat Occurrences in East Flanders, Belgium","HumanObservation","MICA:RATO:21234","Rato",1,"Identified","","times-visited=1","2020-6-15","Europe","BE","",157848.189673552,92487.844362851,"Lambert coordinates","Belgian Datum 72",50.7283394452509,3.55415035472169,"WGS84","30","Rato","Ondatra zibethicus","Animal","Linnaeus, 1766","ICZN","present"
"Event","en","http://creativecommons.org/publicdomain/zero/1.0/","RATO","http://www.inbo.be/en/norms-for-data-use","insert doi","INBO","Mica Rato Muskrat Occurrences in East Flanders, Belgium","HumanObservation","MICA:RATO:21377","Rato",0,"Identified","Conibear trap=1, Fish traps=3",,"2020-6-23","Europe","BE","",157894.381802943,92425.6448423532,"Lambert coordinates","Belgian Datum 72",50.7287485451679,3.55326225424871,"WGS84","30","Rato","Ondatra zibethicus","Animal","Linnaeus, 1766","ICZN","absent"
"Event","en","http://creativecommons.org/publicdomain/zero/1.0/","RATO","http://www.inbo.be/en/norms-for-data-use","insert doi","INBO","Mica Rato Muskrat Occurrences in East Flanders, Belgium","HumanObservation","MICA:RATO:21376","Rato",0,"Identified","Conibear trap=1",,"2020-6-23","Europe","BE","",157838.763169426,92500.4009569484,"Lambert coordinates","Belgian Datum 72",50.7282559452674,3.55432965481767,"WGS84","30","Rato","Ondatra zibethicus","Animal","Linnaeus, 1766","ICZN","absent"
"Event","en","http://creativecommons.org/publicdomain/zero/1.0/","RATO","http://www.inbo.be/en/norms-for-data-use","insert doi","INBO","Mica Rato Muskrat Occurrences in East Flanders, Belgium","HumanObservation","MICA:RATO:21375","Rato",0,"Identified","Conibear trap=1",,"2020-6-23","Europe","BE","",157832.850264253,92495.859632504,"Lambert coordinates","Belgian Datum 72",50.7282023452385,3.55426625482931,"WGS84","30","Rato","Ondatra zibethicus","Animal","Linnaeus, 1766","ICZN","absent"
"Event","en","http://creativecommons.org/publicdomain/zero/1.0/","RATO","http://www.inbo.be/en/norms-for-data-use","insert doi","INBO","Mica Rato Muskrat Occurrences in East Flanders, Belgium","HumanObservation","MICA:RATO:21772","Rato",5,"Catch","Fish traps=2, Conibear trap=4",,"2020-7-16","Europe","BE","GERAARDSBERGEN ",161666.626305892,111107.662417096,"Lambert coordinates","Belgian Datum 72",50.7642029128626,3.81746770926733,"WGS84","30","Rato","Ondatra zibethicus","Animal","Linnaeus, 1766","ICZN","present"
"Event","en","http://creativecommons.org/publicdomain/zero/1.0/","RATO","http://www.inbo.be/en/norms-for-data-use","insert doi","INBO","Mica Rato Muskrat Occurrences in East Flanders, Belgium","HumanObservation","MICA:RATO:21771","Rato",1,"Catch","Conibear trap=1",,"2020-7-16","Europe","BE","GERAARDSBERGEN ",161681.732922899,111128.664636304,"Lambert coordinates","Belgian Datum 72",50.764340112965,3.81776380927698,"WGS84","30","Rato","Ondatra zibethicus","Animal","Linnaeus, 1766","ICZN","present"
"Event","en","http://creativecommons.org/publicdomain/zero/1.0/","RATO","http://www.inbo.be/en/norms-for-data-use","insert doi","INBO","Mica Rato Muskrat Occurrences in East Flanders, Belgium","HumanObservation","MICA:RATO:21770","Rato",2,"Catch","Fish traps=1",,"2020-7-16","Europe","BE","BRAKEL ",161668.070627124,110938.759062409,"Lambert coordinates","Belgian Datum 72",50.7642046123436,3.81507350859039,"WGS84","30","Rato","Ondatra zibethicus","Animal","Linnaeus, 1766","ICZN","present"
"Event","en","http://creativecommons.org/publicdomain/zero/1.0/","RATO","http://www.inbo.be/en/norms-for-data-use","insert doi","INBO","Mica Rato Muskrat Occurrences in East Flanders, Belgium","HumanObservation","MICA:RATO:21769","Rato",3,"Catch","Fish traps=3, Conibear trap=1",,"2020-7-16","Europe","BE","BRAKEL ",161586.974683644,110904.550945258,"Lambert coordinates","Belgian Datum 72",50.7634733120371,3.81459720885017,"WGS84","30","Rato","Ondatra zibethicus","Animal","Linnaeus, 1766","ICZN","present"
"Event","en","http://creativecommons.org/publicdomain/zero/1.0/","RATO","http://www.inbo.be/en/norms-for-data-use","insert doi","INBO","Mica Rato Muskrat Occurrences in East Flanders, Belgium","HumanObservation","MICA:RATO:21812","Rato",9,"Catch","Conibear trap=3","times-visited=3","2020-7-29","Europe","BE","BRAKEL ",170510.555582711,107427.946161253,"Lambert coordinates","Belgian Datum 72",50.8434469234227,3.76429205131807,"WGS84","30","Rato","Ondatra zibethicus","Animal","Linnaeus, 1766","ICZN","present"
"Event","en","http://creativecommons.org/publicdomain/zero/1.0/","RATO","http://www.inbo.be/en/norms-for-data-use","insert doi","INBO","Mica Rato Muskrat Occurrences in East Flanders, Belgium","HumanObservation","MICA:RATO:21827","Rato",1,"Catch","Conibear trap=1",,"2020-7-31","Europe","BE","BRAKEL ",161616.648762695,110896.284723154,"Lambert coordinates","Belgian Datum 72",50.7637395120849,3.81447690867269,"WGS84","30","Rato","Ondatra zibethicus","Animal","Linnaeus, 1766","ICZN","present"
"Event","en","http://creativecommons.org/publicdomain/zero/1.0/","RATO","http://www.inbo.be/en/norms-for-data-use","insert doi","INBO","Mica Rato Muskrat Occurrences in East Flanders, Belgium","HumanObservation","MICA:RATO:21857","Rato",11,"Catch","Fish traps=2, Conibear trap=5",,"2020-8-4","Europe","BE","ASSENEDE ",217790.136435816,104508.433705573,"Lambert coordinates","Belgian Datum 72",51.2682020350732,3.71695470461813,"WGS84","30","Rato","Ondatra zibethicus","Animal","Linnaeus, 1766","ICZN","present"
"Event","en","http://creativecommons.org/publicdomain/zero/1.0/","RATO","http://www.inbo.be/en/norms-for-data-use","insert doi","INBO","Mica Rato Muskrat Occurrences in East Flanders, Belgium","HumanObservation","MICA:RATO:21995","Rato",0,"Identified","Fish traps=4",,"2020-8-25","Europe","BE","WORTEGEM-PETEGEM ",168684.300966038,93752.5413527489,"Lambert coordinates","Belgian Datum 72",50.825870276002,3.57041330576556,"WGS84","30","Rato","Ondatra zibethicus","Animal","Linnaeus, 1766","ICZN","absent"
"Event","en","http://creativecommons.org/publicdomain/zero/1.0/","RATO","http://www.inbo.be/en/norms-for-data-use","insert doi","INBO","Mica Rato Muskrat Occurrences in East Flanders, Belgium","HumanObservation","MICA:RATO:22003","Rato",0,"Identified","Fish traps=5",,"2020-8-26","Europe","BE","OUDENAARDE ",169851.931904225,94443.4801802755,"Lambert coordinates","Belgian Datum 72",50.8364324810856,3.58004340269527,"WGS84","30","Rato","Ondatra zibethicus","Animal","Linnaeus, 1766","ICZN","absent"
"Event","en","http://creativecommons.org/publicdomain/zero/1.0/","RATO","http://www.inbo.be/en/norms-for-data-use","insert doi","INBO","Mica Rato Muskrat Occurrences in East Flanders, Belgium","HumanObservation","MICA:RATO:2163","Rato",1,"Catch","",,"2018-1-12","Europe","BE","SINT-LAUREINS ",216582.171278326,101590.103953004,"Lambert coordinates","Belgian Datum 72",51.2571076227204,3.67530469823462,"WGS84","30","Rato","Ondatra zibethicus","Animal","Linnaeus, 1766","ICZN","present"
"Event","en","http://creativecommons.org/publicdomain/zero/1.0/","RATO","http://www.inbo.be/en/norms-for-data-use","insert doi","INBO","Mica Rato Muskrat Occurrences in East Flanders, Belgium","HumanObservation","MICA:RATO:14001","Rato",0,"Catch","",,"2019-4-12","Europe","BE","",215649.421583341,84216.5968254797,"Lambert coordinates","Belgian Datum 72",51.2470058649108,3.42662842929688,"WGS84","30","Rato","Ondatra zibethicus","Animal","Linnaeus, 1766","ICZN","absent"
"Event","en","http://creativecommons.org/publicdomain/zero/1.0/","RATO","http://www.inbo.be/en/norms-for-data-use","insert doi","INBO","Mica Rato Muskrat Occurrences in East Flanders, Belgium","HumanObservation","MICA:RATO:16724","Rato",0,"Catch","",,"2019-8-30","Europe","BE","",159778.913295297,113780.152602956,"Lambert coordinates","Belgian Datum 72",50.7474053164489,3.85553262904519,"WGS84","30","Rato","Ondatra zibethicus","Animal","Linnaeus, 1766","ICZN","absent"
"Event","en","http://creativecommons.org/publicdomain/zero/1.0/","RATO","http://www.inbo.be/en/norms-for-data-use","insert doi","INBO","Mica Rato Muskrat Occurrences in East Flanders, Belgium","HumanObservation","MICA:RATO:17383","Rato",6,"Catch","",,"2019-9-27","Europe","BE","GERAARDSBERGEN ",165016.508151527,119115.368775402,"Lambert coordinates","Belgian Datum 72",50.7947955458417,3.93069102489256,"WGS84","30","Rato","Ondatra zibethicus","Animal","Linnaeus, 1766","ICZN","present"
"Event","en","http://creativecommons.org/publicdomain/zero/1.0/","RATO","http://www.inbo.be/en/norms-for-data-use","insert doi","INBO","Mica Rato Muskrat Occurrences in East Flanders, Belgium","HumanObservation","MICA:RATO:17357","Rato",2,"Catch","",,"2019-10-7","Europe","BE","RONSE ",158472.728755374,91982.3814687065,"Lambert coordinates","Belgian Datum 72",50.7339035451881,3.54689374963751,"WGS84","30","Rato","Ondatra zibethicus","Animal","Linnaeus, 1766","ICZN","present"
"Event","en","http://creativecommons.org/publicdomain/zero/1.0/","RATO","http://www.inbo.be/en/norms-for-data-use","insert doi","INBO","Mica Rato Muskrat Occurrences in East Flanders, Belgium","HumanObservation","MICA:RATO:17518","Rato",0,"Catch","",,"2019-10-11","Europe","BE","",215905.958627076,84148.680670453,"Lambert coordinates","Belgian Datum 72",51.2493037653587,3.425609227695,"WGS84","30","Rato","Ondatra zibethicus","Animal","Linnaeus, 1766","ICZN","absent"
"Event","en","http://creativecommons.org/publicdomain/zero/1.0/","RATO","http://www.inbo.be/en/norms-for-data-use","insert doi","INBO","Mica Rato Muskrat Occurrences in East Flanders, Belgium","HumanObservation","MICA:RATO:18166","Rato",7,"Catch","",,"2019-11-28","Europe","BE","BRAKEL ",161740.677475187,108905.220017112,"Lambert coordinates","Belgian Datum 72",50.7647176062233,3.78624200017418,"WGS84","30","Rato","Ondatra zibethicus","Animal","Linnaeus, 1766","ICZN","present"
"Event","en","http://creativecommons.org/publicdomain/zero/1.0/","RATO","http://www.inbo.be/en/norms-for-data-use","insert doi","INBO","Mica Rato Muskrat Occurrences in East Flanders, Belgium","HumanObservation","MICA:RATO:18467","Rato",3,"Catch","",,"2019-12-16","Europe","BE","ASSENEDE ",215145.988775282,101378.838479193,"Lambert coordinates","Belgian Datum 72",51.2441816183085,3.67247130455609,"WGS84","30","Rato","Ondatra zibethicus","Animal","Linnaeus, 1766","ICZN","present"
"Event","en","http://creativecommons.org/publicdomain/zero/1.0/","RATO","http://www.inbo.be/en/norms-for-data-use","insert doi","INBO","Mica Rato Muskrat Occurrences in East Flanders, Belgium","HumanObservation","MICA:RATO:18465","Rato",1,"Catch","",,"2019-12-16","Europe","BE","ASSENEDE ",215121.141522747,101273.547866892,"Lambert coordinates","Belgian Datum 72",51.2439494179114,3.67096690423344,"WGS84","30","Rato","Ondatra zibethicus","Animal","Linnaeus, 1766","ICZN","present"
"Event","en","http://creativecommons.org/publicdomain/zero/1.0/","RATO","http://www.inbo.be/en/norms-for-data-use","insert doi","INBO","Mica Rato Muskrat Occurrences in East Flanders, Belgium","HumanObservation","MICA:RATO:18461","Rato",1,"Catch","",,"2019-12-16","Europe","BE","ASSENEDE ",215306.789287299,101698.64230187,"Lambert coordinates","Belgian Datum 72",51.2456537197369,3.67702940510759,"WGS84","30","Rato","Ondatra zibethicus","Animal","Linnaeus, 1766","ICZN","present"
"Event","en","http://creativecommons.org/publicdomain/zero/1.0/","RATO","http://www.inbo.be/en/norms-for-data-use","insert doi","INBO","Mica Rato Muskrat Occurrences in East Flanders, Belgium","HumanObservation","MICA:RATO:18459","Rato",1,"Catch","",,"2019-12-16","Europe","BE","ASSENEDE ",215435.242998676,101993.26073811,"Lambert coordinates","Belgian Datum 72",51.2468328210013,3.6812314057152,"WGS84","30","Rato","Ondatra zibethicus","Animal","Linnaeus, 1766","ICZN","present"
"Event","en","http://creativecommons.org/publicdomain/zero/1.0/","RATO","http://www.inbo.be/en/norms-for-data-use","insert doi","INBO","Mica Rato Muskrat Occurrences in East Flanders, Belgium","HumanObservation","MICA:RATO:18457","Rato",3,"Catch","",,"2019-12-16","Europe","BE","ASSENEDE ",215710.930148114,102456.743300751,"Lambert coordinates","Belgian Datum 72",51.2493490231818,3.68783260630257,"WGS84","30","Rato","Ondatra zibethicus","Animal","Linnaeus, 1766","ICZN","present"
"Event","en","http://creativecommons.org/publicdomain/zero/1.0/","RATO","http://www.inbo.be/en/norms-for-data-use","insert doi","INBO","Mica Rato Muskrat Occurrences in East Flanders, Belgium","HumanObservation","MICA:RATO:18537","Rato",2,"Catch","",,"2019-12-19","Europe","BE","ASSENEDE ",214193.341589057,105328.943317345,"Lambert coordinates","Belgian Datum 72",51.2359383282665,3.72915382612832,"WGS84","30","Rato","Ondatra zibethicus","Animal","Linnaeus, 1766","ICZN","present"
"Event","en","http://creativecommons.org/publicdomain/zero/1.0/","RATO","http://www.inbo.be/en/norms-for-data-use","insert doi","INBO","Mica Rato Muskrat Occurrences in East Flanders, Belgium","HumanObservation","MICA:RATO:18533","Rato",1,"Catch","",,"2019-12-19","Europe","BE","ASSENEDE ",215621.340685572,103475.963038425,"Lambert coordinates","Belgian Datum 72",51.24862682616,3.70244081109082,"WGS84","30","Rato","Ondatra zibethicus","Animal","Linnaeus, 1766","ICZN","present"
"Event","en","http://creativecommons.org/publicdomain/zero/1.0/","RATO","http://www.inbo.be/en/norms-for-data-use","insert doi","INBO","Mica Rato Muskrat Occurrences in East Flanders, Belgium","HumanObservation","MICA:RATO:18704","Rato",3,"Catch","",,"2020-1-6","Europe","BE","OUDENAARDE ",169851.59081619,94443.1243343197,"Lambert coordinates","Belgian Datum 72",50.8364293810836,3.58003840269555,"WGS84","30","Rato","Ondatra zibethicus","Animal","Linnaeus, 1766","ICZN","present"
"Event","en","http://creativecommons.org/publicdomain/zero/1.0/","RATO","http://www.inbo.be/en/norms-for-data-use","insert doi","INBO","Mica Rato Muskrat Occurrences in East Flanders, Belgium","HumanObservation","MICA:RATO:18715","Rato",3,"Catch","",,"2020-1-7","Europe","BE","BRAKEL ",161733.00373611,108865.242172784,"Lambert coordinates","Belgian Datum 72",50.7646458060803,3.78567620005326,"WGS84","30","Rato","Ondatra zibethicus","Animal","Linnaeus, 1766","ICZN","present"
"Event","en","http://creativecommons.org/publicdomain/zero/1.0/","RATO","http://www.inbo.be/en/norms-for-data-use","insert doi","INBO","Mica Rato Muskrat Occurrences in East Flanders, Belgium","HumanObservation","MICA:RATO:18697","Rato",4,"Catch","",,"2020-1-8","Europe","BE","LIERDE ",165771.759925671,114251.302591704,"Lambert coordinates","Belgian Datum 72",50.801306932758,3.86162920178832,"WGS84","30","Rato","Ondatra zibethicus","Animal","Linnaeus, 1766","ICZN","present"
"Event","en","http://creativecommons.org/publicdomain/zero/1.0/","RATO","http://www.inbo.be/en/norms-for-data-use","insert doi","INBO","Mica Rato Muskrat Occurrences in East Flanders, Belgium","HumanObservation","MICA:RATO:18721","Rato",1,"Catch","",,"2020-1-9","Europe","BE","MALDEGEM ",215560.359777188,84160.8931560912,"Lambert coordinates","Belgian Datum 72",51.2461990645002,3.42584692951828,"WGS84","30","Rato","Ondatra zibethicus","Animal","Linnaeus, 1766","ICZN","present"
"Event","en","http://creativecommons.org/publicdomain/zero/1.0/","RATO","http://www.inbo.be/en/norms-for-data-use","insert doi","INBO","Mica Rato Muskrat Occurrences in East Flanders, Belgium","HumanObservation","MICA:RATO:18736","Rato",1,"Catch","",,"2020-1-9","Europe","BE","ASSENEDE ",215088.962240228,101248.957429995,"Lambert coordinates","Belgian Datum 72",51.2436581177499,3.6706191042907,"WGS84","30","Rato","Ondatra zibethicus","Animal","Linnaeus, 1766","ICZN","present"
"Event","en","http://creativecommons.org/publicdomain/zero/1.0/","RATO","http://www.inbo.be/en/norms-for-data-use","insert doi","INBO","Mica Rato Muskrat Occurrences in East Flanders, Belgium","HumanObservation","MICA:RATO:18733","Rato",2,"Catch","",,"2020-1-9","Europe","BE","ASSENEDE ",215173.189532694,101462.30629072,"Lambert coordinates","Belgian Datum 72",51.2444331186429,3.67366290477419,"WGS84","30","Rato","Ondatra zibethicus","Animal","Linnaeus, 1766","ICZN","present"
"Event","en","http://creativecommons.org/publicdomain/zero/1.0/","RATO","http://www.inbo.be/en/norms-for-data-use","insert doi","INBO","Mica Rato Muskrat Occurrences in East Flanders, Belgium","HumanObservation","MICA:RATO:18809","Rato",1,"Catch","",,"2020-1-14","Europe","BE","ASSENEDE ",213725.152750774,104632.035429873,"Lambert coordinates","Belgian Datum 72",51.2316759248566,3.71923452550874,"WGS84","30","Rato","Ondatra zibethicus","Animal","Linnaeus, 1766","ICZN","present"
"Event","en","http://creativecommons.org/publicdomain/zero/1.0/","RATO","http://www.inbo.be/en/norms-for-data-use","insert doi","INBO","Mica Rato Muskrat Occurrences in East Flanders, Belgium","HumanObservation","MICA:RATO:18795","Rato",1,"Catch","",,"2020-1-14","Europe","BE","ASSENEDE ",215069.836214896,101202.819738034,"Lambert coordinates","Belgian Datum 72",51.2434823175544,3.66996100419076,"WGS84","30","Rato","Ondatra zibethicus","Animal","Linnaeus, 1766","ICZN","present"
"Event","en","http://creativecommons.org/publicdomain/zero/1.0/","RATO","http://www.inbo.be/en/norms-for-data-use","insert doi","INBO","Mica Rato Muskrat Occurrences in East Flanders, Belgium","HumanObservation","MICA:RATO:18830","Rato",1,"Catch","",,"2020-1-16","Europe","BE","BRAKEL ",164783.385036717,107011.965068616,"Lambert coordinates","Belgian Datum 72",50.7919332078802,3.75905297776298,"WGS84","30","Rato","Ondatra zibethicus","Animal","Linnaeus, 1766","ICZN","present"
"Event","en","http://creativecommons.org/publicdomain/zero/1.0/","RATO","http://www.inbo.be/en/norms-for-data-use","insert doi","INBO","Mica Rato Muskrat Occurrences in East Flanders, Belgium","HumanObservation","MICA:RATO:19292","Rato",1,"Catch","",,"2020-1-22","Europe","BE","OUDENAARDE ",175337.250836571,100448.09373048,"Lambert coordinates","Belgian Datum 72",50.886282313675,3.66454469946354,"WGS84","30","Rato","Ondatra zibethicus","Animal","Linnaeus, 1766","ICZN","present"
"Event","en","http://creativecommons.org/publicdomain/zero/1.0/","RATO","http://www.inbo.be/en/norms-for-data-use","insert doi","INBO","Mica Rato Muskrat Occurrences in East Flanders, Belgium","HumanObservation","MICA:RATO:18948","Rato",1,"Catch","",,"2020-1-23","Europe","BE","ASSENEDE ",210438.721300655,103076.848249704,"Lambert coordinates","Belgian Datum 72",51.2020131114217,3.69739543537298,"WGS84","30","Rato","Ondatra zibethicus","Animal","Linnaeus, 1766","ICZN","present"
"Event","en","http://creativecommons.org/publicdomain/zero/1.0/","RATO","http://www.inbo.be/en/norms-for-data-use","insert doi","INBO","Mica Rato Muskrat Occurrences in East Flanders, Belgium","HumanObservation","MICA:RATO:18966","Rato",2,"Catch","",,"2020-1-24","Europe","BE","GERAARDSBERGEN ",167292.354722449,117855.100242438,"Lambert coordinates","Belgian Datum 72",50.8151860476391,3.91261810882678,"WGS84","30","Rato","Ondatra zibethicus","Animal","Linnaeus, 1766","ICZN","present"
"Event","en","http://creativecommons.org/publicdomain/zero/1.0/","RATO","http://www.inbo.be/en/norms-for-data-use","insert doi","INBO","Mica Rato Muskrat Occurrences in East Flanders, Belgium","HumanObservation","MICA:RATO:18965","Rato",0,"Catch","",,"2020-1-24","Europe","BE","ZOTTEGEM ",172407.388731606,107684.227309446,"Lambert coordinates","Belgian Datum 72",50.8605166289579,3.76771294302902,"WGS84","30","Rato","Ondatra zibethicus","Animal","Linnaeus, 1766","ICZN","absent"
"Event","en","http://creativecommons.org/publicdomain/zero/1.0/","RATO","http://www.inbo.be/en/norms-for-data-use","insert doi","INBO","Mica Rato Muskrat Occurrences in East Flanders, Belgium","HumanObservation","MICA:RATO:19085","Rato",1,"Catch","",,"2020-1-28","Europe","BE","",215904.540332709,84146.4630771543,"Lambert coordinates","Belgian Datum 72",51.2492907653478,3.42557772769291,"WGS84","30","Rato","Ondatra zibethicus","Animal","Linnaeus, 1766","ICZN","present"
"Event","en","http://creativecommons.org/publicdomain/zero/1.0/","RATO","http://www.inbo.be/en/norms-for-data-use","insert doi","INBO","Mica Rato Muskrat Occurrences in East Flanders, Belgium","HumanObservation","MICA:RATO:19104","Rato",1,"Catch","",,"2020-1-28","Europe","BE","ASSENEDE ",216971.8382122,104404.120102981,"Lambert coordinates","Belgian Datum 72",51.2608390326067,3.71556320827513,"WGS84","30","Rato","Ondatra zibethicus","Animal","Linnaeus, 1766","ICZN","present"
"Event","en","http://creativecommons.org/publicdomain/zero/1.0/","RATO","http://www.inbo.be/en/norms-for-data-use","insert doi","INBO","Mica Rato Muskrat Occurrences in East Flanders, Belgium","HumanObservation","MICA:RATO:19120","Rato",1,"Catch","",,"2020-1-30","Europe","BE","ASSENEDE ",215159.119281439,101356.091118917,"Lambert coordinates","Belgian Datum 72",51.244297718271,3.67214380439339,"WGS84","30","Rato","Ondatra zibethicus","Animal","Linnaeus, 1766","ICZN","present"
"Event","en","http://creativecommons.org/publicdomain/zero/1.0/","RATO","http://www.inbo.be/en/norms-for-data-use","insert doi","INBO","Mica Rato Muskrat Occurrences in East Flanders, Belgium","HumanObservation","MICA:RATO:19117","Rato",1,"Catch","",,"2020-1-30","Europe","BE","RONSE ",160641.322850355,96651.2334068369,"Lambert coordinates","Belgian Datum 72",50.7538431652397,3.6127137571945,"WGS84","30","Rato","Ondatra zibethicus","Animal","Linnaeus, 1766","ICZN","present"
"Event","en","http://creativecommons.org/publicdomain/zero/1.0/","RATO","http://www.inbo.be/en/norms-for-data-use","insert doi","INBO","Mica Rato Muskrat Occurrences in East Flanders, Belgium","HumanObservation","MICA:RATO:19190","Rato",1,"Catch","",,"2020-2-4","Europe","BE","BRAKEL ",170428.992579927,107446.941089107,"Lambert coordinates","Belgian Datum 72",50.8427151232782,3.76457115179479,"WGS84","30","Rato","Ondatra zibethicus","Animal","Linnaeus, 1766","ICZN","present"
"Event","en","http://creativecommons.org/publicdomain/zero/1.0/","RATO","http://www.inbo.be/en/norms-for-data-use","insert doi","INBO","Mica Rato Muskrat Occurrences in East Flanders, Belgium","HumanObservation","MICA:RATO:19209","Rato",1,"Catch","",,"2020-2-4","Europe","BE","MALDEGEM ",216668.390289286,83915.1543628916,"Lambert coordinates","Belgian Datum 72",51.2561294665884,3.42212582279846,"WGS84","30","Rato","Ondatra zibethicus","Animal","Linnaeus, 1766","ICZN","present"
"Event","en","http://creativecommons.org/publicdomain/zero/1.0/","RATO","http://www.inbo.be/en/norms-for-data-use","insert doi","INBO","Mica Rato Muskrat Occurrences in East Flanders, Belgium","HumanObservation","MICA:RATO:19229","Rato",1,"Catch","",,"2020-2-6","Europe","BE","ASSENEDE ",218477.776118853,102977.503500798,"Lambert coordinates","Belgian Datum 72",51.2742597320489,3.69493139462625,"WGS84","30","Rato","Ondatra zibethicus","Animal","Linnaeus, 1766","ICZN","present"
"Event","en","http://creativecommons.org/publicdomain/zero/1.0/","RATO","http://www.inbo.be/en/norms-for-data-use","insert doi","INBO","Mica Rato Muskrat Occurrences in East Flanders, Belgium","HumanObservation","MICA:RATO:19253","Rato",1,"Catch","",,"2020-2-7","Europe","BE","GERAARDSBERGEN ",167257.923518403,117857.21471492,"Lambert coordinates","Belgian Datum 72",50.8148766475598,3.91265110900216,"WGS84","30","Rato","Ondatra zibethicus","Animal","Linnaeus, 1766","ICZN","present"
"Event","en","http://creativecommons.org/publicdomain/zero/1.0/","RATO","http://www.inbo.be/en/norms-for-data-use","insert doi","INBO","Mica Rato Muskrat Occurrences in East Flanders, Belgium","HumanObservation","MICA:RATO:19494","Rato",2,"Catch","",,"2020-2-24","Europe","BE","WORTEGEM-PETEGEM ",169865.538440982,94617.6518424473,"Lambert coordinates","Belgian Datum 72",50.8365713816693,3.58251380332108,"WGS84","30","Rato","Ondatra zibethicus","Animal","Linnaeus, 1766","ICZN","present"
"Event","en","http://creativecommons.org/publicdomain/zero/1.0/","RATO","http://www.inbo.be/en/norms-for-data-use","insert doi","INBO","Mica Rato Muskrat Occurrences in East Flanders, Belgium","HumanObservation","MICA:RATO:19627","Rato",2,"Catch","",,"2020-3-5","Europe","BE","BRAKEL ",161734.877905135,108864.565474149,"Lambert coordinates","Belgian Datum 72",50.7646626060828,3.78566640004142,"WGS84","30","Rato","Ondatra zibethicus","Animal","Linnaeus, 1766","ICZN","present"
"Event","en","http://creativecommons.org/publicdomain/zero/1.0/","RATO","http://www.inbo.be/en/norms-for-data-use","insert doi","INBO","Mica Rato Muskrat Occurrences in East Flanders, Belgium","HumanObservation","MICA:RATO:19720","Rato",1,"Catch","",,"2020-3-10","Europe","BE","GERAARDSBERGEN ",159802.656931106,113755.276151507,"Lambert coordinates","Belgian Datum 72",50.7476172164309,3.85517782883134,"WGS84","30","Rato","Ondatra zibethicus","Animal","Linnaeus, 1766","ICZN","present"
"Event","en","http://creativecommons.org/publicdomain/zero/1.0/","RATO","http://www.inbo.be/en/norms-for-data-use","insert doi","INBO","Mica Rato Muskrat Occurrences in East Flanders, Belgium","HumanObservation","MICA:RATO:19747","Rato",1,"Catch","",,"2020-3-12","Europe","BE","BRAKEL ",164756.776239756,107074.339079767,"Lambert coordinates","Belgian Datum 72",50.7916986080082,3.75994067814147,"WGS84","30","Rato","Ondatra zibethicus","Animal","Linnaeus, 1766","ICZN","present"
"Event","en","http://creativecommons.org/publicdomain/zero/1.0/","RATO","http://www.inbo.be/en/norms-for-data-use","insert doi","INBO","Mica Rato Muskrat Occurrences in East Flanders, Belgium","HumanObservation","MICA:RATO:19826","Rato",1,"Catch","",,"2020-3-18","Europe","BE","ZWALM ",173870.724023976,106543.324367268,"Lambert coordinates","Belgian Datum 72",50.8735867290662,3.75133603124242,"WGS84","30","Rato","Ondatra zibethicus","Animal","Linnaeus, 1766","ICZN","present"
"Event","en","http://creativecommons.org/publicdomain/zero/1.0/","RATO","http://www.inbo.be/en/norms-for-data-use","insert doi","INBO","Mica Rato Muskrat Occurrences in East Flanders, Belgium","HumanObservation","MICA:RATO:19840","Rato",1,"Catch","",,"2020-3-19","Europe","BE","",158128.144166381,92808.5939993815,"Lambert coordinates","Belgian Datum 72",50.7308875469509,3.55864985458507,"WGS84","30","Rato","Ondatra zibethicus","Animal","Linnaeus, 1766","ICZN","present"
"Event","en","http://creativecommons.org/publicdomain/zero/1.0/","RATO","http://www.inbo.be/en/norms-for-data-use","insert doi","INBO","Mica Rato Muskrat Occurrences in East Flanders, Belgium","HumanObservation","MICA:RATO:19883","Rato",2,"Catch","",,"2020-3-24","Europe","BE","ASSENEDE ",217228.714363289,104471.581937346,"Lambert coordinates","Belgian Datum 72",51.26315313349,3.71649730727535,"WGS84","30","Rato","Ondatra zibethicus","Animal","Linnaeus, 1766","ICZN","present"
"Event","en","http://creativecommons.org/publicdomain/zero/1.0/","RATO","http://www.inbo.be/en/norms-for-data-use","insert doi","INBO","Mica Rato Muskrat Occurrences in East Flanders, Belgium","HumanObservation","MICA:RATO:19885","Rato",2,"Catch","",,"2020-3-24","Europe","BE","GERAARDSBERGEN ",167084.415373693,117366.50304902,"Lambert coordinates","Belgian Datum 72",50.8132896456192,3.90570350787646,"WGS84","30","Rato","Ondatra zibethicus","Animal","Linnaeus, 1766","ICZN","present"
"Event","en","http://creativecommons.org/publicdomain/zero/1.0/","RATO","http://www.inbo.be/en/norms-for-data-use","insert doi","INBO","Mica Rato Muskrat Occurrences in East Flanders, Belgium","HumanObservation","MICA:RATO:19900","Rato",1,"Catch","",,"2020-3-27","Europe","BE","ASSENEDE ",214205.136152295,105318.477246466,"Lambert coordinates","Belgian Datum 72",51.2360435282643,3.72900252602481,"WGS84","30","Rato","Ondatra zibethicus","Animal","Linnaeus, 1766","ICZN","present"
"Event","en","http://creativecommons.org/publicdomain/zero/1.0/","RATO","http://www.inbo.be/en/norms-for-data-use","insert doi","INBO","Mica Rato Muskrat Occurrences in East Flanders, Belgium","HumanObservation","MICA:RATO:19893","Rato",1,"Catch","",,"2020-3-27","Europe","BE","DEINZE ",186661.256770657,89564.8964604135,"Lambert coordinates","Belgian Datum 72",50.9870413077571,3.50802649881676,"WGS84","30","Rato","Ondatra zibethicus","Animal","Linnaeus, 1766","ICZN","present"
"Event","en","http://creativecommons.org/publicdomain/zero/1.0/","RATO","http://www.inbo.be/en/norms-for-data-use","insert doi","INBO","Mica Rato Muskrat Occurrences in East Flanders, Belgium","HumanObservation","MICA:RATO:19899","Rato",1,"Catch","",,"2020-3-27","Europe","BE","ASSENEDE ",213986.288080826,104676.812968069,"Lambert coordinates","Belgian Datum 72",51.2340265256774,3.71984292439188,"WGS84","30","Rato","Ondatra zibethicus","Animal","Linnaeus, 1766","ICZN","present"
"Event","en","http://creativecommons.org/publicdomain/zero/1.0/","RATO","http://www.inbo.be/en/norms-for-data-use","insert doi","INBO","Mica Rato Muskrat Occurrences in East Flanders, Belgium","HumanObservation","MICA:RATO:19911","Rato",2,"Catch","",,"2020-3-30","Europe","BE","",157525.955543843,96966.9226654932,"Lambert coordinates","Belgian Datum 72",50.7258669585664,3.61763347385519,"WGS84","30","Rato","Ondatra zibethicus","Animal","Linnaeus, 1766","ICZN","present"
"Event","en","http://creativecommons.org/publicdomain/zero/1.0/","RATO","http://www.inbo.be/en/norms-for-data-use","insert doi","INBO","Mica Rato Muskrat Occurrences in East Flanders, Belgium","HumanObservation","MICA:RATO:19965","Rato",1,"Catch","",,"2020-4-3","Europe","BE","GERAARDSBERGEN ",166239.749041533,115698.716349189,"Lambert coordinates","Belgian Datum 72",50.8056008383837,3.88211780529899,"WGS84","30","Rato","Ondatra zibethicus","Animal","Linnaeus, 1766","ICZN","present"
"Event","en","http://creativecommons.org/publicdomain/zero/1.0/","RATO","http://www.inbo.be/en/norms-for-data-use","insert doi","INBO","Mica Rato Muskrat Occurrences in East Flanders, Belgium","HumanObservation","MICA:RATO:19969","Rato",2,"Catch","",,"2020-4-3","Europe","BE","GERAARDSBERGEN ",167205.328676915,115963.30167941,"Lambert coordinates","Belgian Datum 72",50.8142963416027,3.88578240166754,"WGS84","30","Rato","Ondatra zibethicus","Animal","Linnaeus, 1766","ICZN","present"
"Event","en","http://creativecommons.org/publicdomain/zero/1.0/","RATO","http://www.inbo.be/en/norms-for-data-use","insert doi","INBO","Mica Rato Muskrat Occurrences in East Flanders, Belgium","HumanObservation","MICA:RATO:19980","Rato",0,"Catch","",,"2020-4-7","Europe","BE","GERAARDSBERGEN ",166334.549702464,115829.795283811,"Lambert coordinates","Belgian Datum 72",50.8064607390233,3.88396860536285,"WGS84","30","Rato","Ondatra zibethicus","Animal","Linnaeus, 1766","ICZN","absent"
"Event","en","http://creativecommons.org/publicdomain/zero/1.0/","RATO","http://www.inbo.be/en/norms-for-data-use","insert doi","INBO","Mica Rato Muskrat Occurrences in East Flanders, Belgium","HumanObservation","MICA:RATO:19983","Rato",2,"Catch","",,"2020-4-7","Europe","BE","BRAKEL ",166953.470135609,108533.050683024,"Lambert coordinates","Belgian Datum 72",50.8115510179971,3.78038197318664,"WGS84","30","Rato","Ondatra zibethicus","Animal","Linnaeus, 1766","ICZN","present"
"Event","en","http://creativecommons.org/publicdomain/zero/1.0/","RATO","http://www.inbo.be/en/norms-for-data-use","insert doi","INBO","Mica Rato Muskrat Occurrences in East Flanders, Belgium","HumanObservation","MICA:RATO:19985","Rato",1,"Catch","",,"2020-4-7","Europe","BE","BRAKEL ",166294.024006729,107938.157197556,"Lambert coordinates","Belgian Datum 72",50.8055804145098,3.77201657404497,"WGS84","30","Rato","Ondatra zibethicus","Animal","Linnaeus, 1766","ICZN","present"
"Event","en","http://creativecommons.org/publicdomain/zero/1.0/","RATO","http://www.inbo.be/en/norms-for-data-use","insert doi","INBO","Mica Rato Muskrat Occurrences in East Flanders, Belgium","HumanObservation","MICA:RATO:20113","Rato",1,"Catch","",,"2020-4-14","Europe","BE","WORTEGEM-PETEGEM ",171393.088530528,91912.0862664584,"Lambert coordinates","Belgian Datum 72",50.8500388769159,3.54386648491796,"WGS84","30","Rato","Ondatra zibethicus","Animal","Linnaeus, 1766","ICZN","present"
"Event","en","http://creativecommons.org/publicdomain/zero/1.0/","RATO","http://www.inbo.be/en/norms-for-data-use","insert doi","INBO","Mica Rato Muskrat Occurrences in East Flanders, Belgium","HumanObservation","MICA:RATO:20112","Rato",2,"Catch","",,"2020-4-14","Europe","BE","WORTEGEM-PETEGEM ",171446.723805717,92432.2937330474,"Lambert coordinates","Belgian Datum 72",50.8505726786964,3.55124478672375,"WGS84","30","Rato","Ondatra zibethicus","Animal","Linnaeus, 1766","ICZN","present"
"Event","en","http://creativecommons.org/publicdomain/zero/1.0/","RATO","http://www.inbo.be/en/norms-for-data-use","insert doi","INBO","Mica Rato Muskrat Occurrences in East Flanders, Belgium","HumanObservation","MICA:RATO:20110","Rato",5,"Catch","",,"2020-4-14","Europe","BE","BRAKEL ",161551.332882485,109892.420368517,"Lambert coordinates","Belgian Datum 72",50.7630842088151,3.80025530501149,"WGS84","30","Rato","Ondatra zibethicus","Animal","Linnaeus, 1766","ICZN","present"
"Event","en","http://creativecommons.org/publicdomain/zero/1.0/","RATO","http://www.inbo.be/en/norms-for-data-use","insert doi","INBO","Mica Rato Muskrat Occurrences in East Flanders, Belgium","HumanObservation","MICA:RATO:20111","Rato",2,"Catch","",,"2020-4-14","Europe","BE","WORTEGEM-PETEGEM ",170944.871187156,90875.0379014029,"Lambert coordinates","Belgian Datum 72",50.8459054725147,3.52921288302858,"WGS84","30","Rato","Ondatra zibethicus","Animal","Linnaeus, 1766","ICZN","present"
"Event","en","http://creativecommons.org/publicdomain/zero/1.0/","RATO","http://www.inbo.be/en/norms-for-data-use","insert doi","INBO","Mica Rato Muskrat Occurrences in East Flanders, Belgium","HumanObservation","MICA:RATO:20151","Rato",0,"Catch","",,"2020-4-16","Europe","BE","",157841.437871472,93262.2272571333,"Lambert coordinates","Belgian Datum 72",50.7283545476783,3.56511885778503,"WGS84","30","Rato","Ondatra zibethicus","Animal","Linnaeus, 1766","ICZN","absent"
"Event","en","http://creativecommons.org/publicdomain/zero/1.0/","RATO","http://www.inbo.be/en/norms-for-data-use","insert doi","INBO","Mica Rato Muskrat Occurrences in East Flanders, Belgium","HumanObservation","MICA:RATO:20152","Rato",2,"Catch","",,"2020-4-16","Europe","BE","BRAKEL ",160471.848192922,108029.506959823,"Lambert coordinates","Belgian Datum 72",50.7532492003696,3.77397340291085,"WGS84","30","Rato","Ondatra zibethicus","Animal","Linnaeus, 1766","ICZN","present"
"Event","en","http://creativecommons.org/publicdomain/zero/1.0/","RATO","http://www.inbo.be/en/norms-for-data-use","insert doi","INBO","Mica Rato Muskrat Occurrences in East Flanders, Belgium","HumanObservation","MICA:RATO:20165","Rato",1,"Catch","",,"2020-4-17","Europe","BE","GERAARDSBERGEN ",161645.416770102,112914.800984579,"Lambert coordinates","Belgian Datum 72",50.7641299183954,3.84308441654099,"WGS84","30","Rato","Ondatra zibethicus","Animal","Linnaeus, 1766","ICZN","present"
"Event","en","http://creativecommons.org/publicdomain/zero/1.0/","RATO","http://www.inbo.be/en/norms-for-data-use","insert doi","INBO","Mica Rato Muskrat Occurrences in East Flanders, Belgium","HumanObservation","MICA:RATO:20171","Rato",3,"Catch","",,"2020-4-17","Europe","BE","GERAARDSBERGEN ",161889.223718137,112198.063144185,"Lambert coordinates","Belgian Datum 72",50.7662756167851,3.8329004125093,"WGS84","30","Rato","Ondatra zibethicus","Animal","Linnaeus, 1766","ICZN","present"
"Event","en","http://creativecommons.org/publicdomain/zero/1.0/","RATO","http://www.inbo.be/en/norms-for-data-use","insert doi","INBO","Mica Rato Muskrat Occurrences in East Flanders, Belgium","HumanObservation","MICA:RATO:20230","Rato",4,"Catch","",,"2020-4-21","Europe","BE","GERAARDSBERGEN ",161476.3548466,112829.618668224,"Lambert coordinates","Belgian Datum 72",50.7626047177139,3.84189401702544,"WGS84","30","Rato","Ondatra zibethicus","Animal","Linnaeus, 1766","ICZN","present"
"Event","en","http://creativecommons.org/publicdomain/zero/1.0/","RATO","http://www.inbo.be/en/norms-for-data-use","insert doi","INBO","Mica Rato Muskrat Occurrences in East Flanders, Belgium","HumanObservation","MICA:RATO:20226","Rato",2,"Catch","",,"2020-4-21","Europe","BE","ASSENEDE ",211694.835981261,101167.062730984,"Lambert coordinates","Belgian Datum 72",51.2131449086629,3.66990342099729,"WGS84","30","Rato","Ondatra zibethicus","Animal","Linnaeus, 1766","ICZN","present"
"Event","en","http://creativecommons.org/publicdomain/zero/1.0/","RATO","http://www.inbo.be/en/norms-for-data-use","insert doi","INBO","Mica Rato Muskrat Occurrences in East Flanders, Belgium","HumanObservation","MICA:RATO:20264","Rato",0,"Catch","",,"2020-4-23","Europe","BE","",157917.565041001,93776.5549537636,"Lambert coordinates","Belgian Datum 72",50.7290886494874,3.57239165941998,"WGS84","30","Rato","Ondatra zibethicus","Animal","Linnaeus, 1766","ICZN","absent"
"Event","en","http://creativecommons.org/publicdomain/zero/1.0/","RATO","http://www.inbo.be/en/norms-for-data-use","insert doi","INBO","Mica Rato Muskrat Occurrences in East Flanders, Belgium","HumanObservation","MICA:RATO:20265","Rato",0,"Catch","",,"2020-4-23","Europe","BE","",157912.7840701,93764.9031296591,"Lambert coordinates","Belgian Datum 72",50.7290445494389,3.57222735939811,"WGS84","30","Rato","Ondatra zibethicus","Animal","Linnaeus, 1766","ICZN","absent"
"Event","en","http://creativecommons.org/publicdomain/zero/1.0/","RATO","http://www.inbo.be/en/norms-for-data-use","insert doi","INBO","Mica Rato Muskrat Occurrences in East Flanders, Belgium","HumanObservation","MICA:RATO:20448","Rato",3,"Catch","",,"2020-4-30","Europe","BE","RONSE ",160775.081486206,98355.9650694356,"Lambert coordinates","Belgian Datum 72",50.7551989709246,3.63685226324359,"WGS84","30","Rato","Ondatra zibethicus","Animal","Linnaeus, 1766","ICZN","present"
"Event","en","http://creativecommons.org/publicdomain/zero/1.0/","RATO","http://www.inbo.be/en/norms-for-data-use","insert doi","INBO","Mica Rato Muskrat Occurrences in East Flanders, Belgium","HumanObservation","MICA:RATO:20487","Rato",2,"Catch","",,"2020-5-5","Europe","BE","GERAARDSBERGEN ",162029.372146813,113975.240461706,"Lambert coordinates","Belgian Datum 72",50.7676479226184,3.85807781888536,"WGS84","30","Rato","Ondatra zibethicus","Animal","Linnaeus, 1766","ICZN","present"
"Event","en","http://creativecommons.org/publicdomain/zero/1.0/","RATO","http://www.inbo.be/en/norms-for-data-use","insert doi","INBO","Mica Rato Muskrat Occurrences in East Flanders, Belgium","HumanObservation","MICA:RATO:20486","Rato",1,"Catch","",,"2020-5-5","Europe","BE","GERAARDSBERGEN ",162035.86135406,114083.354186813,"Lambert coordinates","Belgian Datum 72",50.7677129229678,3.85960971928341,"WGS84","30","Rato","Ondatra zibethicus","Animal","Linnaeus, 1766","ICZN","present"
"Event","en","http://creativecommons.org/publicdomain/zero/1.0/","RATO","http://www.inbo.be/en/norms-for-data-use","insert doi","INBO","Mica Rato Muskrat Occurrences in East Flanders, Belgium","HumanObservation","MICA:RATO:20659","Rato",0,"Catch","",,"2020-5-12","Europe","BE","",217572.495501287,82171.1868708236,"Lambert coordinates","Belgian Datum 72",51.2640527633176,3.3969778107826,"WGS84","30","Rato","Ondatra zibethicus","Animal","Linnaeus, 1766","ICZN","absent"
"Event","en","http://creativecommons.org/publicdomain/zero/1.0/","RATO","http://www.inbo.be/en/norms-for-data-use","insert doi","INBO","Mica Rato Muskrat Occurrences in East Flanders, Belgium","HumanObservation","MICA:RATO:21020","Rato",1,"Catch","",,"2020-5-26","Europe","BE","MALDEGEM ",217847.473470085,81932.1137527411,"Lambert coordinates","Belgian Datum 72",51.2664959632613,3.39350130835752,"WGS84","30","Rato","Ondatra zibethicus","Animal","Linnaeus, 1766","ICZN","present"
"Event","en","http://creativecommons.org/publicdomain/zero/1.0/","RATO","http://www.inbo.be/en/norms-for-data-use","insert doi","INBO","Mica Rato Muskrat Occurrences in East Flanders, Belgium","HumanObservation","MICA:RATO:21010","Rato",1,"Catch","",,"2020-5-26","Europe","BE","ZOTTEGEM ",170494.744733883,107437.896590991,"Lambert coordinates","Belgian Datum 72",50.8433055234142,3.76443515143561,"WGS84","30","Rato","Ondatra zibethicus","Animal","Linnaeus, 1766","ICZN","present"
"Event","en","http://creativecommons.org/publicdomain/zero/1.0/","RATO","http://www.inbo.be/en/norms-for-data-use","insert doi","INBO","Mica Rato Muskrat Occurrences in East Flanders, Belgium","HumanObservation","MICA:RATO:21012","Rato",1,"Catch","",,"2020-5-26","Europe","BE","ZOTTEGEM ",170504.683301256,107433.244283306,"Lambert coordinates","Belgian Datum 72",50.8433945234245,3.76436795136815,"WGS84","30","Rato","Ondatra zibethicus","Animal","Linnaeus, 1766","ICZN","present"
"Event","en","http://creativecommons.org/publicdomain/zero/1.0/","RATO","http://www.inbo.be/en/norms-for-data-use","insert doi","INBO","Mica Rato Muskrat Occurrences in East Flanders, Belgium","HumanObservation","MICA:RATO:21209","Rato",4,"Catch","",,"2020-6-11","Europe","BE","",157836.729126872,93266.6316572052,"Lambert coordinates","Belgian Datum 72",50.7283126476806,3.56518195782565,"WGS84","30","Rato","Ondatra zibethicus","Animal","Linnaeus, 1766","ICZN","present"
"Event","en","http://creativecommons.org/publicdomain/zero/1.0/","RATO","http://www.inbo.be/en/norms-for-data-use","insert doi","INBO","Mica Rato Muskrat Occurrences in East Flanders, Belgium","HumanObservation","MICA:RATO:21214","Rato",1,"Catch","",,"2020-6-11","Europe","BE","",157867.045920144,93299.2974468861,"Lambert coordinates","Belgian Datum 72",50.7285883478581,3.56563995780289,"WGS84","30","Rato","Ondatra zibethicus","Animal","Linnaeus, 1766","ICZN","present"
"Event","en","http://creativecommons.org/publicdomain/zero/1.0/","RATO","http://www.inbo.be/en/norms-for-data-use","insert doi","INBO","Mica Rato Muskrat Occurrences in East Flanders, Belgium","HumanObservation","MICA:RATO:21215","Rato",3,"Catch","",,"2020-6-11","Europe","BE","",157828.590299157,93256.9834030469,"Lambert coordinates","Belgian Datum 72",50.7282385476302,3.56504655782832,"WGS84","30","Rato","Ondatra zibethicus","Animal","Linnaeus, 1766","ICZN","present"
"Event","en","http://creativecommons.org/publicdomain/zero/1.0/","RATO","http://www.inbo.be/en/norms-for-data-use","insert doi","INBO","Mica Rato Muskrat Occurrences in East Flanders, Belgium","HumanObservation","MICA:RATO:21804","Rato",1,"Catch","",,"2020-7-23","Europe","BE","BRAKEL ",170425.11079802,107457.812749229,"Lambert coordinates","Belgian Datum 72",50.8426810233024,3.76472595185744,"WGS84","30","Rato","Ondatra zibethicus","Animal","Linnaeus, 1766","ICZN","present"
